,MIN,PTS,FGM,FGA,FG%,3PM,3PA,3P%,FTM,FTA,FT%,OREB,DREB,REB,AST,STL,BLK,TOV,PF,EFF,AST/TOV,STL/TOV,Age,Height,Pos,Weight,BMI
0,324,133,51,137,37.2,15,57,26.3,16,24,66.7,6,26,32,46,7,0,14,15,110,3.29,0.5,29.0,185.0,PG,81.45,23.79839299
1,1885,954,344,817,42.1,121,313,38.7,145,174,83.3,32,134,166,261,54,15,157,189,791,1.66,0.34,30.0,180.0,PG,72.45,22.36111111
2,797,243,93,208,44.7,13,48,27.1,44,61,72.1,46,123,169,33,21,22,38,83,318,0.87,0.55,20.0,202.5,PF,99.0,24.14266118
3,740,213,91,220,41.4,1,9,11.1,30,46,65.2,48,114,162,30,19,9,44,88,244,0.68,0.43,24.0,205.0,PF,106.65,25.37775134
4,2318,1156,519,965,53.8,11,36,30.6,107,141,75.9,131,413,544,244,68,98,100,121,1530,2.44,0.68,29.0,205.0,C,110.25,26.2343843
5,1992,1082,486,1010,48.1,2,5,40.0,108,165,65.5,99,449,548,113,47,84,68,139,1225,1.66,0.69,30.0,205.0,C,130.05,30.94586556
6,1744,545,195,440,44.3,73,210,34.8,82,101,81.2,31,173,204,83,56,5,60,148,569,1.38,0.93,33.0,195.0,SG,99.0,26.03550296
7,899,374,121,300,40.3,26,68,38.2,106,129,82.2,19,95,114,82,17,5,52,64,338,1.58,0.33,24.0,195.0,SG,96.3,25.32544379
8,14,4,1,4,25.0,0,0,0.0,2,2,100.0,1,0,1,1,0,0,0,1,3,0.0,0.0,24.0,210.0,C,110.25,25.0
9,1518,432,179,353,50.7,1,3,33.3,73,104,70.2,142,312,454,32,34,105,74,213,778,0.43,0.46,22.0,212.5,C,117.0,25.910034600000003
10,767,434,133,335,39.7,47,139,33.8,121,150,80.7,23,76,99,106,30,6,48,48,396,2.21,0.63,27.0,195.0,SG,85.5,22.485207100000004
11,957,443,181,329,55.0,0,0,0.0,81,99,81.8,104,211,315,47,21,51,69,151,642,0.68,0.3,27.0,215.0,C,111.6,24.14277988
12,1366,412,147,357,41.2,34,124,27.4,84,118,71.2,114,228,342,59,70,62,55,137,646,1.07,1.27,25.0,202.5,SF,99.0,24.14266118
13,683,168,63,153,41.2,30,85,35.3,12,16,75.0,7,66,73,39,19,15,15,74,205,2.6,1.27,23.0,195.0,SG,94.5,24.85207101
14,661,241,87,186,46.8,13,35,37.1,54,77,70.1,37,57,94,25,35,7,33,58,247,0.76,1.06,28.0,195.0,SF,101.25,26.62721893
15,1979,694,298,519,57.4,19,46,41.3,79,129,61.2,159,297,456,117,44,59,110,225,989,1.06,0.4,28.0,202.5,PF,108.0,26.33744856
16,22,3,1,6,16.7,1,6,16.7,0,0,0.0,0,2,2,1,0,0,1,3,0,1.0,0.0,24.0,192.5,SG,96.75,26.10895598
17,2502,1130,494,961,51.4,0,2,0.0,142,365,38.9,437,667,1104,55,73,153,120,285,1705,0.46,0.61,22.0,207.5,C,125.55,29.15952969
18,2069,604,231,496,46.6,74,212,34.9,68,114,59.6,44,213,257,228,89,25,88,100,804,2.59,1.01,31.0,195.0,SF,96.75,25.44378698
19,1253,355,145,290,50.0,7,34,20.6,58,77,75.3,37,116,153,284,32,6,104,103,562,2.73,0.31,39.0,187.5,PG,90.0,25.6
20,1286,228,92,201,45.8,21,85,24.7,23,48,47.9,60,195,255,70,53,29,46,141,455,1.52,1.15,24.0,197.5,SG,94.5,24.22688672
21,785,430,164,361,45.4,15,41,36.6,87,107,81.3,32,95,127,46,2,27,42,53,373,1.1,0.05,30.0,210.0,C,110.25,25.0
22,36,3,0,5,0.0,0,0,0.0,3,4,75.0,2,6,8,1,1,0,1,1,6,1.0,1.0,34.0,202.5,SF,99.0,24.14266118
23,1583,422,200,355,56.3,0,0,0.0,22,42,52.4,141,402,543,180,39,113,106,188,1016,1.7,0.37,31.0,210.0,C,117.0,26.53061224
24,492,194,83,190,43.7,13,41,31.7,15,25,60.0,17,65,82,22,6,12,24,51,175,0.92,0.25,26.0,202.5,PF,112.5,27.43484225
25,894,298,125,297,42.1,7,23,30.4,41,64,64.1,52,164,216,48,27,16,36,87,374,1.33,0.75,22.0,200.0,PF,110.25,27.5625
26,2455,1656,642,1199,53.5,1,12,8.3,371,461,80.5,173,523,696,149,100,200,95,141,2059,1.57,1.05,22.0,205.0,PF,113.85,27.09101725
27,1806,790,285,615,46.3,141,325,43.4,79,89,88.8,40,155,195,60,54,11,38,135,732,1.58,1.42,30.0,192.5,SG,94.5,25.50177096
28,535,231,79,201,39.3,12,41,29.3,61,83,73.5,27,47,74,44,18,9,48,55,184,0.92,0.38,21.0,192.5,SG,90.0,24.28740091
29,68,27,12,14,85.7,0,0,0.0,3,8,37.5,7,14,21,4,1,3,2,6,47,2.0,0.5,28.0,202.5,C,114.75,27.98353909
30,1122,461,185,327,56.6,1,4,25.0,90,104,86.5,109,209,318,35,16,22,65,162,631,0.54,0.25,29.0,205.0,C,117.0,27.84057109
31,2502,1035,375,884,42.4,118,333,35.4,167,198,84.3,27,220,247,129,41,7,116,167,803,1.11,0.35,30.0,192.5,SG,94.5,25.50177096
32,344,129,50,141,35.5,24,71,33.8,5,6,83.3,10,65,75,17,12,5,23,39,123,0.74,0.52,27.0,207.5,SF,99.0,22.99317753
33,1563,530,203,496,40.9,39,131,29.8,85,126,67.5,27,125,152,155,48,14,65,146,500,2.39,0.74,23.0,190.0,SG,90.0,24.93074792
34,2428,1071,434,1013,42.8,124,352,35.2,79,100,79.0,46,195,241,135,82,15,109,177,835,1.24,0.75,25.0,185.0,SG,81.0,23.66691015
35,790,349,129,295,43.7,35,97,36.1,56,67,83.6,6,57,63,50,14,1,55,60,245,0.91,0.26,32.0,187.5,SG,90.0,25.6
36,2670,996,363,831,43.7,140,391,35.8,130,160,81.3,31,210,241,140,77,19,138,219,837,1.01,0.56,22.0,192.5,SG,87.75,23.68021589
37,158,44,12,27,44.4,0,0,0.0,20,23,87.0,18,21,39,4,2,15,6,17,80,0.67,0.33,30.0,205.0,C,108.0,25.698988699999997
38,1243,304,101,186,54.3,0,0,0.0,102,175,58.3,159,248,407,16,18,99,52,140,634,0.31,0.35,23.0,202.5,C,114.75,27.98353909
39,2356,1469,574,1144,50.2,10,25,40.0,311,427,72.8,126,382,508,354,63,35,152,196,1591,2.33,0.41,26.0,205.0,PF,112.95,26.87685901
40,1854,700,261,576,45.3,91,256,35.5,87,106,82.1,50,163,213,68,34,9,78,104,612,0.87,0.44,26.0,200.0,SF,97.2,24.3
41,1984,708,291,632,46.0,54,169,32.0,72,93,77.4,78,270,348,233,36,23,126,148,860,1.85,0.29,33.0,200.0,PF,112.5,28.125
42,2107,962,363,851,42.7,106,259,40.9,130,166,78.3,57,184,241,194,76,18,123,136,844,1.58,0.62,22.0,192.5,SG,93.15,25.13745994
43,1929,866,344,683,50.4,9,32,28.1,169,214,79.0,139,259,398,104,41,32,83,140,974,1.25,0.49,30.0,200.0,PF,112.5,28.125
44,423,142,55,137,40.1,8,34,23.5,24,37,64.9,38,45,83,30,18,7,29,59,156,1.03,0.62,24.0,205.0,PF,108.0,25.698988699999997
45,1173,632,218,543,40.1,76,211,36.0,120,143,83.9,21,83,104,272,44,4,90,64,618,3.02,0.49,26.0,182.5,PG,76.5,22.96866204
46,2035,1070,375,888,42.2,125,321,38.9,195,223,87.4,28,216,244,330,90,10,189,114,1014,1.75,0.48,24.0,187.5,SG,85.05,24.191999999999997
47,271,30,11,54,20.4,3,27,11.1,5,11,45.5,4,37,41,12,5,12,11,27,40,1.09,0.46,30.0,195.0,SG,99.0,26.03550296
48,119,35,14,30,46.7,0,0,0.0,7,13,53.8,6,23,29,2,2,10,10,17,46,0.2,0.2,36.0,210.0,C,120.6,27.34693878
49,1330,480,176,452,38.9,62,193,32.1,66,74,89.2,13,96,109,162,33,6,57,75,449,2.84,0.58,30.0,182.5,PG,77.85,23.37399137
50,2100,1236,506,987,51.3,1,10,10.0,223,274,81.4,214,321,535,50,43,126,104,206,1354,0.48,0.41,27.0,210.0,C,123.75,28.06122449
51,23,10,4,12,33.3,2,3,66.7,0,0,0.0,1,1,2,0,0,1,4,3,1,0.0,0.0,20.0,202.5,SF,98.1,23.92318244
52,159,80,29,69,42.0,7,20,35.0,15,18,83.3,3,15,18,15,4,0,12,6,62,1.25,0.33,23.0,182.5,PG,74.25,22.29311315
53,1422,570,181,417,43.4,70,175,40.0,138,167,82.6,18,145,163,208,57,9,100,107,642,2.08,0.57,31.0,185.0,PG,78.75,23.00949598
54,64,10,3,14,21.4,0,0,0.0,4,5,80.0,6,2,8,1,2,1,3,8,7,0.33,0.67,25.0,202.5,PF,112.5,27.43484225
55,1192,503,190,369,51.5,0,0,0.0,123,150,82.0,99,169,268,26,15,17,54,132,569,0.48,0.28,32.0,202.5,PF,111.6,27.21536351
56,1692,836,371,743,49.9,0,0,0.0,94,150,62.7,111,371,482,95,41,12,92,184,946,1.03,0.45,34.0,202.5,PF,116.1,28.3127572
57,1428,966,358,806,44.4,61,179,34.1,189,237,79.7,72,192,264,122,40,17,89,87,824,1.37,0.45,31.0,200.0,SF,108.0,27.0
58,1623,460,161,396,40.7,83,219,37.9,55,61,90.2,21,175,196,79,43,4,49,120,492,1.61,0.88,35.0,197.5,SF,102.6,26.30347701
59,198,36,15,53,28.3,6,33,18.2,0,0,0.0,0,20,20,11,3,1,5,20,28,2.2,0.6,31.0,197.5,SF,99.0,25.38054799
60,2186,1037,383,829,46.2,132,347,38.0,139,193,72.0,64,259,323,161,69,19,96,140,1013,1.68,0.72,27.0,205.0,SF,103.5,24.6281975
61,1870,549,191,487,39.2,136,346,39.3,31,35,88.6,27,266,293,94,47,39,78,191,644,1.21,0.6,32.0,207.5,PF,114.75,26.65118305
62,1286,457,169,390,43.3,52,143,36.4,67,81,82.7,33,165,198,64,44,10,49,72,489,1.31,0.9,27.0,197.5,SF,94.05,24.11152059
63,1132,320,120,207,58.0,4,13,30.8,76,114,66.7,76,223,299,43,26,61,40,88,584,1.08,0.65,37.0,205.0,C,110.25,26.2343843
64,1556,928,343,745,46.0,63,168,37.5,179,232,77.2,46,264,310,95,41,25,95,69,849,1.0,0.43,31.0,207.5,C,105.75,24.56089418
65,828,309,112,310,36.1,52,167,31.1,33,45,73.3,23,88,111,51,11,11,59,78,224,0.86,0.19,31.0,202.5,SF,107.55,26.22770919
66,103,19,5,21,23.8,1,7,14.3,8,8,100.0,1,11,12,4,1,0,0,14,20,0.0,0.0,28.0,197.5,SG,90.0,23.07322544
67,527,166,62,154,40.3,28,95,29.5,14,16,87.5,8,47,55,15,26,7,15,44,160,1.0,1.73,25.0,195.0,SF,92.7,24.37869822
68,1398,638,283,549,51.5,0,0,0.0,72,102,70.6,149,335,484,65,18,54,108,140,855,0.6,0.17,33.0,210.0,C,119.25,27.04081633
69,2857,1564,568,1170,48.5,139,349,39.8,289,321,90.0,52,324,376,838,156,15,190,203,2125,4.41,0.82,30.0,180.0,PG,78.75,24.30555556
70,255,50,22,46,47.8,0,0,0.0,6,11,54.5,18,33,51,20,10,4,8,37,98,2.5,1.25,32.0,195.0,C,108.0,28.40236686
71,973,424,159,365,43.6,55,139,39.6,51,73,69.9,14,77,91,64,43,8,48,81,354,1.33,0.9,24.0,190.0,SG,90.0,24.93074792
72,1841,942,329,827,39.8,154,446,34.5,130,161,80.7,18,196,214,75,60,26,73,132,715,1.03,0.82,28.0,195.0,SG,101.25,26.62721893
73,647,210,76,214,35.5,22,84,26.2,36,48,75.0,22,75,97,36,24,12,40,57,189,0.9,0.6,24.0,200.0,SF,94.5,23.625
74,90,32,14,29,48.3,0,0,0.0,4,23,17.4,10,26,36,2,1,9,5,14,41,0.4,0.2,21.0,205.0,C,108.0,25.698988699999997
75,976,338,144,301,47.8,0,0,0.0,50,64,78.1,101,237,338,75,37,65,59,122,623,1.27,0.63,27.0,207.5,C,112.5,26.12861083
76,2087,917,343,805,42.6,63,235,26.8,168,226,74.3,80,217,297,173,114,19,131,173,869,1.32,0.87,29.0,202.5,SF,83.7,20.41152263
77,531,183,75,167,44.9,2,15,13.3,31,54,57.4,47,98,145,16,10,21,20,61,240,0.8,0.5,25.0,202.5,PF,98.1,23.92318244
78,1444,535,207,411,50.4,16,44,36.4,105,143,73.4,44,148,192,188,46,17,67,105,669,2.81,0.69,24.0,187.5,PG,86.85,24.704
79,2354,777,288,643,44.8,90,224,40.2,111,129,86.0,21,157,178,151,75,12,78,129,742,1.94,0.96,30.0,192.5,SG,90.0,24.28740091
80,1964,777,258,647,39.9,83,246,33.7,178,205,86.8,20,141,161,353,49,3,145,93,782,2.43,0.34,28.0,180.0,PG,82.35,25.41666667
81,123,21,6,21,28.6,0,4,0.0,9,11,81.8,1,10,11,2,3,0,1,23,19,2.0,3.0,35.0,195.0,SF,101.25,26.62721893
82,2925,1720,590,1360,43.4,196,572,34.3,344,398,86.4,49,329,378,507,97,21,222,164,1677,2.28,0.44,25.0,187.5,PG,87.75,24.96
83,1047,323,119,263,45.2,69,170,40.6,16,23,69.6,8,39,47,53,16,5,47,79,246,1.13,0.34,29.0,205.0,SF,102.6,24.41403926
84,1426,734,228,568,40.1,107,301,35.5,171,191,89.5,31,187,218,83,47,20,57,94,685,1.46,0.83,27.0,205.0,SF,101.25,24.092801899999998
85,613,188,65,162,40.1,30,84,35.7,28,37,75.7,20,60,80,17,13,6,24,67,174,0.71,0.54,32.0,202.5,SF,99.9,24.36213992
86,2312,946,322,738,43.6,191,457,41.8,111,127,87.4,54,289,343,158,101,87,93,163,1110,1.7,1.09,28.0,195.0,SG,96.75,25.44378698
87,1652,340,155,339,45.7,1,10,10.0,29,47,61.7,70,186,256,50,46,37,35,101,492,1.43,1.31,28.0,200.0,PF,103.5,25.875
88,1817,393,145,416,34.9,83,264,31.4,20,32,62.5,27,104,131,198,41,14,118,147,376,1.68,0.35,20.0,195.0,PG,85.5,22.485207100000004
89,43,2,1,7,14.3,0,1,0.0,0,0,0.0,0,1,1,2,1,0,1,8,-1,2.0,1.0,25.0,200.0,SF,105.75,26.4375
90,299,83,36,106,34.0,7,33,21.2,4,9,44.4,7,20,27,48,9,0,21,20,71,2.29,0.43,24.0,190.0,PG,85.5,23.68421053
91,988,382,155,384,40.4,26,110,23.6,46,59,78.0,53,118,171,57,48,26,47,146,395,1.21,1.02,27.0,202.5,PF,105.75,25.78875171
92,1565,725,260,550,47.3,60,161,37.3,145,184,78.8,19,124,143,252,67,14,112,95,760,2.25,0.6,28.0,180.0,PG,78.75,24.30555556
93,904,388,160,313,51.1,0,2,0.0,68,104,65.4,81,176,257,85,31,26,49,83,549,1.74,0.63,32.0,202.5,PF,110.25,26.886145399999997
94,33,8,2,6,33.3,1,2,50.0,3,6,50.0,0,2,2,9,2,0,4,1,10,2.25,0.5,24.0,177.5,PG,74.25,23.56675263
95,1895,769,323,686,47.1,4,20,20.0,119,161,73.9,108,341,449,223,48,48,120,160,1012,1.86,0.4,35.0,202.5,PF,112.5,27.43484225
96,2820,946,379,534,71.0,1,4,25.0,187,471,39.7,397,829,1226,61,81,183,109,245,1949,0.56,0.74,27.0,207.5,C,119.25,27.69632748
97,180,56,26,57,45.6,0,0,0.0,4,6,66.7,16,40,56,3,7,1,13,41,77,0.23,0.54,26.0,197.5,PF,121.5,31.14885435
98,2100,1204,409,990,41.3,25,88,28.4,361,434,83.2,41,236,277,210,73,11,137,122,984,1.53,0.53,26.0,197.5,SG,99.45,25.49591412
99,2013,1421,498,1066,46.7,2,8,25.0,423,541,78.2,185,562,747,210,90,103,254,241,1631,0.83,0.35,25.0,207.5,C,121.5,28.218899699999998
100,2189,883,318,653,48.7,120,304,39.5,127,181,70.2,99,273,372,118,94,17,75,154,1020,1.57,1.25,29.0,200.0,SF,96.75,24.1875
101,1516,768,284,665,42.7,52,148,35.1,148,179,82.7,29,135,164,317,49,4,150,127,740,2.11,0.33,22.0,182.5,PG,77.4,23.23888159
102,2280,1187,482,918,52.5,1,6,16.7,222,332,66.9,196,411,607,112,60,123,121,210,1422,0.93,0.5,24.0,205.0,PF,119.25,28.37596669
103,1530,904,338,835,40.5,76,271,28.0,152,187,81.3,35,126,161,251,36,16,161,63,675,1.56,0.22,27.0,187.5,PG,85.5,24.32
104,1685,665,219,524,41.8,95,266,35.7,132,162,81.5,13,122,135,237,78,14,85,147,709,2.79,0.92,32.0,187.5,PG,86.4,24.576
105,208,37,14,44,31.8,4,22,18.2,5,16,31.3,5,26,31,17,9,2,9,14,46,1.89,1.0,23.0,195.0,SG,90.0,23.66863905
106,845,216,91,162,56.2,0,1,0.0,34,64,53.1,118,177,295,9,16,50,51,141,434,0.18,0.31,26.0,210.0,C,110.25,25.0
107,2282,1333,487,1062,45.9,104,274,38.0,255,289,88.2,44,413,457,143,39,33,82,160,1314,1.74,0.48,37.0,210.0,PF,110.25,25.0
108,1107,391,145,355,40.8,41,131,31.3,60,77,77.9,12,131,143,190,23,0,65,47,455,2.92,0.35,27.0,187.5,PG,92.25,26.24
109,2037,855,353,700,50.4,49,133,36.8,100,166,60.2,137,284,421,130,56,34,123,203,960,1.06,0.46,25.0,210.0,PF,99.9,22.65306122
110,321,109,43,107,40.2,13,41,31.7,10,15,66.7,6,37,43,6,4,1,17,29,77,0.35,0.24,23.0,200.0,SF,101.25,25.3125
111,2490,921,339,765,44.3,111,329,33.7,132,200,66.0,114,533,647,291,123,99,133,253,1454,2.19,0.93,25.0,197.5,PF,103.5,26.53420926
112,864,277,110,276,39.9,23,59,39.0,34,44,77.3,72,151,223,49,21,9,28,91,375,1.75,0.75,34.0,205.0,PF,112.5,26.76977989
113,71,17,8,19,42.1,0,3,0.0,1,2,50.0,7,11,18,2,1,0,8,7,18,0.25,0.13,25.0,202.5,PF,110.25,26.886145399999997
114,123,52,18,40,45.0,7,11,63.6,9,10,90.0,2,10,12,14,3,0,12,3,46,1.17,0.25,26.0,187.5,PG,85.5,24.32
115,1223,646,251,423,59.3,1,2,50.0,143,271,52.8,110,321,431,50,28,53,115,137,793,0.44,0.24,30.0,207.5,C,119.25,27.69632748
116,236,90,31,67,46.3,3,11,27.3,25,33,75.8,18,32,50,9,9,6,11,40,109,0.82,0.82,24.0,207.5,PF,108.0,25.0834664
117,143,32,12,39,30.8,2,4,50.0,6,12,50.0,14,14,28,5,4,2,5,26,33,1.0,0.8,34.0,210.0,C,112.5,25.51020408
118,93,27,11,30,36.7,4,14,28.6,1,4,25.0,1,22,23,3,3,4,6,12,32,0.5,0.5,27.0,205.0,PF,101.25,24.092801899999998
119,1840,656,282,469,60.1,0,0,0.0,92,189,48.7,230,370,600,94,49,98,58,202,1155,1.62,0.85,26.0,205.0,PF,108.0,25.698988699999997
120,2489,731,301,708,42.5,11,42,26.2,118,214,55.1,107,242,349,533,142,20,203,193,1069,2.63,0.7,21.0,190.0,PG,83.25,23.06094183
121,486,96,42,95,44.2,0,1,0.0,12,23,52.2,28,72,100,22,17,25,18,54,178,1.22,0.94,36.0,200.0,C,123.75,30.9375
122,2136,1163,482,928,51.9,16,45,35.6,183,234,78.2,277,394,671,55,36,29,145,189,1312,0.38,0.25,23.0,207.5,C,110.25,25.60603861
123,2800,1377,468,1046,44.7,88,272,32.4,353,441,80.0,72,351,423,493,127,45,274,189,1525,1.8,0.46,26.0,182.5,PG,85.5,25.67085757
124,2018,818,285,694,41.1,141,315,44.8,107,133,80.5,28,131,159,229,50,14,122,145,713,1.88,0.41,27.0,190.0,SG,96.75,26.80055402
125,410,146,61,162,37.7,14,47,29.8,10,12,83.3,7,24,31,39,12,0,14,26,111,2.79,0.86,24.0,190.0,PG,83.25,23.06094183
126,1319,669,263,557,47.2,74,190,38.9,69,107,64.5,80,197,277,56,36,19,45,149,680,1.24,0.8,28.0,205.0,PF,105.75,25.1635931
127,504,149,62,139,44.6,13,38,34.2,12,20,60.0,12,34,46,33,20,6,14,45,155,2.36,1.43,26.0,190.0,SG,85.95,23.80886427
128,1661,698,253,575,44.0,85,225,37.8,107,147,72.8,28,125,153,120,40,2,82,116,569,1.46,0.49,23.0,197.5,SG,92.25,23.65005608
129,2260,779,320,746,42.9,33,119,27.7,106,141,75.2,40,377,417,449,83,19,198,180,1088,2.27,0.42,26.0,207.5,C,114.75,26.65118305
130,200,45,17,63,27.0,10,45,22.2,1,4,25.0,3,14,17,15,9,5,10,20,32,1.5,0.9,34.0,197.5,SF,87.75,22.49639481
131,540,93,40,78,51.3,0,5,0.0,13,27,48.1,78,98,176,28,17,16,17,96,261,1.65,1.0,24.0,205.0,PF,108.0,25.698988699999997
132,43,6,3,20,15.0,0,3,0.0,0,0,0.0,0,1,1,13,2,0,2,1,3,6.5,1.0,27.0,187.5,PG,85.95,24.448
133,736,204,68,170,40.0,33,88,37.5,35,48,72.9,24,66,90,56,42,9,34,76,252,1.65,1.24,29.0,195.0,SG,87.75,23.07692308
134,719,188,66,217,30.4,21,103,20.4,35,47,74.5,21,43,64,29,39,7,38,71,126,0.76,1.03,21.0,190.0,SG,94.5,26.17728532
135,1192,543,188,503,37.4,50,164,30.5,117,135,86.7,14,115,129,100,23,1,65,88,398,1.54,0.35,31.0,190.0,SG,94.5,26.17728532
136,1267,692,255,535,47.7,69,193,35.8,113,143,79.0,25,154,179,220,44,14,69,111,770,3.19,0.64,29.0,187.5,PG,84.6,24.064
137,1446,884,324,778,41.6,137,387,35.4,99,120,82.5,33,153,186,91,42,12,104,145,636,0.88,0.4,29.0,197.5,SG,92.25,23.65005608
138,2315,969,370,847,43.7,45,136,33.1,184,217,84.8,36,237,273,206,51,22,110,135,901,1.87,0.46,28.0,192.5,SG,96.75,26.10895598
139,2541,1030,383,780,49.1,7,44,15.9,257,347,74.1,100,442,542,207,73,85,173,254,1277,1.2,0.42,21.0,207.5,SG,99.9,23.20220642
140,904,294,117,255,45.9,0,4,0.0,60,95,63.2,43,126,169,39,41,21,39,132,352,1.0,1.05,29.0,202.5,PF,130.05,31.71467764
141,43,11,3,15,20.0,1,7,14.3,4,6,66.7,2,2,4,2,0,0,2,11,1,1.0,0.0,24.0,195.0,SG,92.7,24.37869822
142,2640,1275,502,1002,50.1,90,259,34.7,181,234,77.4,81,193,274,350,78,15,173,195,1266,2.02,0.45,29.0,187.5,SG,85.5,24.32
143,2618,1463,484,1087,44.5,120,330,36.4,375,462,81.2,54,319,373,313,108,30,206,131,1391,1.52,0.52,25.0,200.0,SF,101.7,25.425
144,2193,710,259,512,50.6,1,6,16.7,191,244,78.3,223,386,609,146,71,126,126,188,1230,1.16,0.56,25.0,207.5,C,108.45,25.18798084
145,51,16,7,26,26.9,1,15,6.7,1,1,100.0,2,7,9,3,2,2,3,11,10,1.0,0.67,22.0,205.0,PF,105.75,25.1635931
146,2137,1098,423,853,49.6,0,0,0.0,252,336,75.0,229,475,704,142,78,34,149,148,1393,0.95,0.52,25.0,207.5,PF,119.25,27.69632748
147,363,80,30,49,61.2,0,0,0.0,20,39,51.3,26,53,79,9,7,11,11,53,137,0.82,0.64,24.0,205.0,PF,112.5,26.76977989
148,66,14,6,8,75.0,0,0,0.0,2,4,50.0,9,6,15,3,2,0,7,15,23,0.43,0.29,30.0,207.5,C,117.0,27.17375526
149,1991,775,296,725,40.8,133,351,37.9,50,66,75.8,22,194,216,302,46,10,119,177,785,2.54,0.39,28.0,195.0,PG,97.65,25.68047337
150,2318,827,316,656,48.2,87,215,40.5,108,150,72.0,117,336,453,116,61,19,71,146,1023,1.63,0.86,23.0,200.0,SF,94.5,23.625
151,192,57,19,55,34.5,10,30,33.3,9,9,100.0,4,12,16,12,9,3,9,20,52,1.33,1.0,24.0,187.5,SG,78.75,22.4
152,1146,265,117,212,55.2,0,0,0.0,31,102,30.4,105,251,356,33,30,46,59,172,505,0.56,0.51,29.0,207.5,C,112.5,26.12861083
153,1545,496,193,471,41.0,67,196,34.2,43,64,67.2,55,169,224,135,81,16,91,138,562,1.48,0.89,25.0,192.5,SG,99.0,26.716140999999997
154,938,432,146,378,38.6,91,246,37.0,49,60,81.7,18,69,87,98,29,3,62,83,344,1.58,0.47,24.0,180.0,PG,90.45,27.91666667
155,1726,1101,335,796,42.1,129,346,37.3,302,348,86.8,33,120,153,284,57,5,143,150,950,1.99,0.4,26.0,172.5,PG,83.25,27.97731569
156,1362,580,225,536,42.0,54,167,32.3,76,94,80.9,23,111,134,263,33,1,70,104,612,3.76,0.47,31.0,180.0,PG,83.25,25.69444444
157,568,227,70,170,41.2,23,62,37.1,64,85,75.3,3,33,36,40,12,2,32,33,164,1.25,0.38,23.0,190.0,SG,96.75,26.80055402
158,87,27,9,22,40.9,0,0,0.0,9,21,42.9,10,15,25,1,6,3,3,23,34,0.33,2.0,24.0,202.5,PF,117.0,28.53223594
159,1647,628,229,545,42.0,61,208,29.3,109,141,77.3,72,221,293,94,72,25,49,137,715,1.92,1.47,25.0,195.0,SF,105.75,27.81065089
160,13,3,1,2,50.0,1,2,50.0,0,0,0.0,1,1,2,3,0,1,3,4,5,1.0,0.0,24.0,192.5,SG,85.95,23.19446787
161,1703,1010,332,839,39.6,119,364,32.7,227,252,90.1,18,106,124,158,59,14,92,108,741,1.72,0.64,35.0,192.5,SG,90.0,24.28740091
162,1406,523,205,504,40.7,89,258,34.5,24,36,66.7,33,113,146,253,47,6,109,136,555,2.32,0.43,33.0,180.0,PG,85.5,26.38888889
163,1051,312,101,247,40.9,31,95,32.6,79,94,84.0,51,125,176,48,25,17,39,89,378,1.23,0.64,25.0,197.5,SF,94.5,24.22688672
164,2981,2217,647,1470,44.0,208,555,37.5,715,824,86.8,75,384,459,565,154,60,321,208,2202,1.76,0.48,26.0,192.5,SG,99.0,26.716140999999997
165,1370,554,238,404,58.9,11,51,21.6,67,102,65.7,61,196,257,95,54,70,79,155,750,1.2,0.68,28.0,202.5,PF,112.5,27.43484225
166,669,250,74,201,36.8,63,175,36.0,39,46,84.8,9,53,62,24,13,8,13,67,210,1.85,1.0,35.0,200.0,SF,98.1,24.525
167,137,62,24,44,54.5,0,0,0.0,14,25,56.0,15,22,37,2,5,9,6,21,78,0.33,0.83,22.0,202.5,PF,103.5,25.24005487
168,164,62,27,47,57.4,0,6,0.0,8,10,80.0,19,26,45,4,5,5,14,25,85,0.29,0.36,25.0,202.5,PF,102.15,24.91083676
169,73,41,15,35,42.9,9,22,40.9,2,2,100.0,0,3,3,8,0,0,3,8,29,2.67,0.0,36.0,182.5,PG,78.75,23.64421092
170,89,35,12,33,36.4,4,13,30.8,7,13,53.8,1,8,9,10,3,0,7,12,23,1.43,0.43,24.0,190.0,SG,87.75,24.30747922
171,1717,518,198,423,46.8,74,192,38.5,48,67,71.6,45,175,220,130,72,11,62,113,645,2.1,1.16,30.0,197.5,SG,101.25,25.95737863
172,1566,770,311,708,43.9,52,184,28.3,96,129,74.4,147,294,441,134,44,42,78,153,923,1.72,0.56,23.0,202.5,PF,117.0,28.53223594
173,2241,957,359,817,43.9,39,146,26.7,200,227,88.1,19,226,245,373,75,13,191,143,987,1.95,0.39,32.0,187.5,PG,90.0,25.6
174,878,203,81,192,42.2,0,0,0.0,41,71,57.7,86,117,203,19,18,44,29,96,317,0.66,0.62,32.0,197.5,PF,117.0,29.99519308
175,416,172,62,178,34.8,31,96,32.3,17,22,77.3,13,53,66,38,13,3,16,28,155,2.38,0.81,34.0,195.0,SG,99.0,26.03550296
176,256,106,42,79,53.2,0,0,0.0,22,33,66.7,18,43,61,3,2,20,18,30,126,0.17,0.11,27.0,210.0,C,121.5,27.55102041
177,215,60,19,44,43.2,0,0,0.0,22,38,57.9,23,54,77,15,4,9,9,30,115,1.67,0.44,29.0,197.5,PF,110.25,28.26470117
178,383,137,55,95,57.9,0,0,0.0,27,36,75.0,37,80,117,14,8,8,26,60,209,0.54,0.31,28.0,202.5,PF,108.0,26.33744856
179,2455,1168,416,967,43.0,97,292,33.2,239,287,83.3,64,264,328,134,53,34,108,147,1010,1.24,0.49,29.0,202.5,SF,105.75,25.78875171
180,2228,1162,408,887,46.0,71,207,34.3,275,319,86.2,30,154,184,513,125,31,205,139,1287,2.5,0.61,27.0,185.0,PG,83.7,24.45580716
181,430,127,45,114,39.5,11,36,30.6,26,41,63.4,14,39,53,22,12,1,19,36,112,1.16,0.63,26.0,197.5,SF,101.25,25.95737863
182,1377,411,124,352,35.2,49,156,31.4,114,193,59.1,49,149,198,79,40,68,85,144,404,0.93,0.47,21.0,200.0,SF,94.5,23.625
183,36,9,3,11,27.3,1,2,50.0,2,2,100.0,0,3,3,2,3,1,5,5,5,0.4,0.6,28.0,187.5,PG,90.0,25.6
184,266,90,32,58,55.2,2,5,40.0,24,29,82.8,26,45,71,13,11,12,5,29,161,2.6,2.2,28.0,202.5,SF,90.0,21.9478738
185,633,295,104,250,41.6,38,111,34.2,49,55,89.1,8,99,107,44,21,6,27,52,294,1.63,0.78,23.0,192.5,SG,83.25,22.46584584
186,1907,832,277,654,42.4,65,176,36.9,213,268,79.5,26,170,196,339,82,32,166,189,883,2.04,0.49,27.0,187.5,PG,90.0,25.6
187,383,138,50,94,53.2,0,0,0.0,38,44,86.4,52,53,105,13,8,15,22,58,207,0.59,0.36,29.0,210.0,C,113.85,25.81632653
188,3,0,0,0,0.0,0,0,0.0,0,0,0.0,1,2,3,0,0,0,1,0,2,0.0,0.0,24.0,200.0,PF,110.25,27.5625
189,1717,598,220,516,42.6,37,120,30.8,121,137,88.3,22,189,211,233,59,12,133,163,668,1.75,0.44,27.0,187.5,PG,90.0,25.6
190,509,178,63,166,38.0,9,48,18.8,43,45,95.6,8,32,40,58,15,2,33,43,155,1.76,0.46,26.0,185.0,PG,87.75,25.63915267
191,2513,1301,421,912,46.2,73,193,37.8,386,463,83.4,114,265,379,212,114,36,93,108,1381,2.28,1.23,26.0,197.5,SG,99.0,25.38054799
192,1411,552,218,459,47.5,0,2,0.0,116,201,57.7,150,302,452,57,36,35,96,136,710,0.59,0.38,27.0,202.5,C,108.9,26.556927299999998
193,2409,1277,447,938,47.7,200,458,43.7,183,203,90.1,22,145,167,137,39,8,95,134,1022,1.44,0.41,31.0,190.0,SG,85.5,23.68421053
194,2049,485,190,427,44.5,0,2,0.0,105,174,60.3,219,427,646,312,48,74,123,203,1136,2.54,0.39,30.0,207.5,C,103.5,24.03832196
195,1462,663,222,534,41.6,74,212,34.9,145,160,90.6,12,92,104,79,59,6,57,76,527,1.39,1.04,28.0,190.0,SG,94.5,26.17728532
196,493,136,48,120,40.0,31,84,36.9,9,15,60.0,7,34,41,26,7,2,27,62,107,0.96,0.26,24.0,195.0,SG,98.55,25.91715976
197,1673,396,147,354,41.5,72,202,35.6,30,40,75.0,22,153,175,182,72,10,98,124,520,1.86,0.74,28.0,200.0,SF,101.7,25.425
198,2791,1154,446,1025,43.5,121,337,35.9,141,176,80.1,53,331,384,292,59,14,137,120,1152,2.13,0.43,34.0,197.5,SG,108.0,27.68787053
199,406,87,36,62,58.1,0,0,0.0,15,22,68.2,32,61,93,5,12,49,12,55,201,0.42,1.0,33.0,202.5,C,110.25,26.886145399999997
200,617,169,74,151,49.0,0,0,0.0,21,25,84.0,62,129,191,16,9,23,23,93,304,0.7,0.39,28.0,205.0,C,112.5,26.76977989
201,854,184,80,145,55.2,0,1,0.0,24,83,28.9,103,176,279,25,40,25,41,157,388,0.61,0.98,32.0,200.0,PF,120.6,30.15
202,268,93,36,89,40.4,3,16,18.8,18,28,64.3,27,50,77,13,8,10,22,43,116,0.59,0.36,24.0,207.5,C,99.0,22.99317753
203,1228,470,196,346,56.6,0,0,0.0,78,137,56.9,124,188,312,59,28,135,87,152,708,0.68,0.32,25.0,207.5,C,103.05,23.93380752
204,297,135,49,99,49.5,21,52,40.4,16,19,84.2,2,37,39,13,10,0,8,15,136,1.63,1.25,24.0,190.0,SG,96.75,26.80055402
205,272,98,42,104,40.4,9,29,31.0,5,5,100.0,4,12,16,60,8,0,16,18,104,3.75,0.5,33.0,177.5,PG,74.7,23.70958143
206,368,100,44,120,36.7,0,0,0.0,12,27,44.4,26,38,64,17,5,4,25,44,74,0.68,0.2,22.0,202.5,PF,115.65,28.20301783
207,824,286,121,273,44.3,7,29,24.1,37,59,62.7,50,157,207,46,17,9,35,86,356,1.31,0.49,26.0,205.0,PF,102.6,24.41403926
208,1230,448,169,379,44.6,54,140,38.6,56,66,84.8,93,189,282,71,46,18,44,135,601,1.61,1.05,28.0,205.0,PF,103.95,24.73527662
209,2096,963,373,652,57.2,0,1,0.0,217,276,78.6,215,478,693,39,33,95,109,222,1376,0.36,0.3,23.0,210.0,C,119.25,27.04081633
210,248,94,35,86,40.7,10,25,40.0,14,23,60.9,9,19,28,16,16,7,14,24,87,1.14,1.14,21.0,192.5,SG,94.05,25.38033395
211,1476,703,267,596,44.8,38,121,31.4,131,158,82.9,56,135,191,206,51,12,96,109,711,2.15,0.53,23.0,192.5,PG,87.3,23.55877888
212,529,167,61,158,38.6,35,97,36.1,10,11,90.9,8,34,42,67,20,5,32,52,171,2.09,0.63,29.0,185.0,PG,81.0,23.66691015
213,122,38,14,35,40.0,10,21,47.6,0,0,0.0,2,14,16,7,2,0,4,14,38,1.75,0.5,25.0,197.5,SF,99.0,25.38054799
214,1874,841,357,777,45.9,3,11,27.3,124,168,73.8,174,382,556,103,34,52,106,164,1016,0.97,0.32,28.0,205.0,C,105.75,25.1635931
215,174,53,22,41,53.7,0,3,0.0,9,13,69.2,5,20,25,22,6,0,12,25,71,1.83,0.5,27.0,187.5,PG,85.95,24.448
216,1270,382,147,354,41.5,59,142,41.5,29,32,90.6,19,105,124,198,31,0,75,76,450,2.64,0.41,34.0,187.5,PG,90.0,25.6
217,296,72,28,53,52.8,8,19,42.1,8,13,61.5,7,38,45,33,12,3,22,41,113,1.5,0.55,28.0,205.0,PF,108.0,25.698988699999997
218,2079,847,315,755,41.7,163,426,38.3,54,72,75.0,30,188,218,195,82,22,97,163,809,2.01,0.85,30.0,195.0,SG,101.25,26.62721893
219,1303,592,238,534,44.6,51,135,37.8,65,76,85.5,32,103,135,274,63,23,91,110,689,3.01,0.69,25.0,190.0,PG,92.25,25.55401662
220,14,2,1,3,33.3,0,0,0.0,0,2,0.0,0,0,0,0,0,0,1,1,-3,0.0,0.0,21.0,202.5,PF,112.5,27.43484225
221,713,219,85,178,47.8,10,31,32.3,39,47,83.0,57,77,134,36,27,30,26,70,319,1.39,1.04,25.0,210.0,C,117.0,26.53061224
222,657,254,91,235,38.7,35,109,32.1,37,45,82.2,12,61,73,48,40,12,29,54,246,1.66,1.38,26.0,195.0,SG,83.25,21.89349112
223,6,0,0,1,0.0,0,0,0.0,0,0,0.0,0,0,0,0,1,0,0,1,0,0.0,0.0,26.0,182.5,PG,87.75,26.34640646
224,2033,1057,394,822,47.9,67,192,34.9,202,252,80.2,85,376,461,161,148,48,97,128,1300,1.66,1.53,24.0,197.5,SF,103.5,26.53420926
225,1424,656,251,528,47.5,61,175,34.9,93,136,68.4,92,211,303,109,64,39,98,213,753,1.11,0.65,24.0,210.0,C,107.1,24.28571429
226,2119,1075,378,981,38.5,85,280,30.4,234,283,82.7,35,185,220,318,89,31,100,92,981,3.18,0.89,25.0,182.5,PG,77.4,23.23888159
227,417,118,46,101,45.5,18,46,39.1,8,9,88.9,2,26,28,86,21,0,35,26,162,2.46,0.6,24.0,190.0,PG,90.0,24.93074792
228,1148,246,102,227,44.9,0,1,0.0,42,83,50.6,91,229,320,51,16,42,95,162,414,0.54,0.17,31.0,205.0,C,121.5,28.91136228
229,2086,946,373,736,50.7,1,8,12.5,199,288,69.1,242,426,668,89,62,57,118,211,1252,0.75,0.53,26.0,200.0,PF,102.6,25.65
230,1324,390,141,331,42.6,48,132,36.4,60,100,60.0,21,201,222,78,52,33,73,127,472,1.07,0.71,26.0,192.5,SG,90.45,24.40883792
231,2587,1043,390,972,40.1,153,444,34.5,110,158,69.6,46,209,255,109,93,18,94,161,794,1.16,0.99,22.0,192.5,SG,92.25,24.89458593
232,104,20,9,22,40.9,0,0,0.0,2,2,100.0,6,13,19,5,5,6,3,13,39,1.67,1.67,38.0,202.5,PF,105.3,25.67901235
233,913,686,238,467,51.0,64,159,40.3,146,171,85.4,16,162,178,110,24,25,74,40,695,1.49,0.32,27.0,202.5,SF,108.0,26.33744856
234,952,323,143,306,46.7,1,7,14.3,36,45,80.0,48,263,311,77,46,17,46,109,556,1.67,1.0,39.0,207.5,PF,108.0,25.0834664
235,2532,1228,413,952,43.4,144,392,36.7,258,321,80.4,142,589,731,168,51,39,122,140,1493,1.38,0.42,27.0,205.0,PF,112.95,26.87685901
236,1302,779,267,625,42.7,75,191,39.3,170,193,88.1,19,123,142,89,33,1,76,76,587,1.17,0.43,32.0,197.5,SG,89.55,22.95785932
237,1235,520,231,450,51.3,0,2,0.0,58,82,70.7,87,201,288,59,10,59,98,197,595,0.6,0.1,26.0,202.5,C,128.25,31.27572016
238,2378,1055,406,869,46.7,109,268,40.7,134,156,85.9,48,299,347,182,122,11,113,183,1119,1.61,1.08,24.0,200.0,SF,105.3,26.325
239,1610,377,142,381,37.3,58,168,34.5,35,50,70.0,20,101,121,148,46,14,73,144,379,2.03,0.63,34.0,190.0,SG,85.5,23.68421053
240,1352,487,172,434,39.6,43,150,28.7,100,133,75.2,65,135,200,72,44,70,105,126,473,0.69,0.42,22.0,195.0,SG,92.25,24.26035503
241,2455,1668,602,1299,46.3,239,545,43.9,225,256,87.9,27,220,247,222,87,60,149,122,1407,1.49,0.58,25.0,197.5,SG,96.75,24.80371735
242,1207,782,266,713,37.3,54,184,29.3,196,241,81.3,26,173,199,197,47,7,128,65,612,1.54,0.37,37.0,195.0,SG,95.4,25.0887574
243,1348,419,182,358,50.8,0,0,0.0,55,85,64.7,121,305,426,37,29,63,69,148,699,0.54,0.42,26.0,210.0,C,119.25,27.04081633
244,795,182,69,197,35.0,31,106,29.2,13,18,72.2,39,79,118,85,29,13,55,71,239,1.55,0.53,25.0,200.0,SF,101.25,25.3125
245,1345,509,211,446,47.3,0,7,0.0,87,117,74.4,118,298,416,57,34,25,46,130,730,1.24,0.74,30.0,202.5,PF,105.75,25.78875171
246,358,74,31,89,34.8,3,11,27.3,9,14,64.3,5,67,72,28,15,7,10,28,123,2.8,1.5,22.0,202.5,SF,103.5,25.24005487
247,2418,911,292,600,48.7,221,449,49.2,106,118,89.8,15,289,304,196,52,42,107,140,1078,1.83,0.49,34.0,197.5,SG,95.4,24.45761897
248,2414,1244,430,1043,41.2,132,391,33.8,252,312,80.8,54,274,328,473,109,13,173,212,1321,2.73,0.63,29.0,182.5,PG,88.2,26.48151623
249,824,294,119,242,49.2,12,43,27.9,44,57,77.2,46,153,199,59,31,39,55,110,431,1.07,0.56,25.0,205.0,PF,112.5,26.76977989
250,1744,480,172,446,38.6,96,241,39.8,40,52,76.9,33,161,194,85,47,21,55,153,486,1.55,0.86,27.0,200.0,SF,102.6,25.65
251,2730,1628,578,1235,46.8,157,378,41.5,315,365,86.3,55,182,237,389,114,20,186,146,1495,2.09,0.61,23.0,187.5,PG,86.85,24.704
252,2512,1661,659,1415,46.6,37,105,35.2,306,362,84.5,177,549,726,124,48,68,122,125,1693,1.02,0.39,30.0,207.5,PF,117.0,27.17375526
253,1573,501,207,550,37.6,18,105,17.1,69,110,62.7,39,238,277,240,38,8,128,134,552,1.88,0.3,25.0,192.5,SG,103.5,27.93051105
254,216,46,20,41,48.8,1,2,50.0,5,6,83.3,10,16,26,15,11,0,8,9,68,1.88,1.38,27.0,197.5,SF,94.5,24.22688672
255,1457,533,204,511,39.9,62,176,35.2,63,78,80.8,37,153,190,150,52,12,61,129,554,2.46,0.85,24.0,185.0,PG,90.0,26.29656684
256,219,46,20,58,34.5,4,26,15.4,2,3,66.7,1,14,15,45,6,0,25,13,48,1.8,0.24,25.0,185.0,PG,81.0,23.66691015
257,1070,315,141,299,47.2,0,0,0.0,33,47,70.2,123,200,323,73,15,42,40,102,556,1.83,0.38,26.0,202.5,C,117.0,28.53223594
258,982,467,183,386,47.4,43,112,38.4,58,74,78.4,23,68,91,99,41,8,44,87,443,2.25,0.93,33.0,187.5,SG,87.3,24.831999999999997
259,2493,1743,624,1279,48.8,120,339,35.4,375,528,71.0,51,365,416,511,109,49,272,135,1748,1.88,0.4,31.0,200.0,SF,112.5,28.125
260,56,18,6,14,42.9,3,6,50.0,3,4,75.0,1,7,8,5,6,1,3,4,26,1.67,2.0,31.0,187.5,SG,85.5,24.32
261,549,122,52,122,42.6,6,28,21.4,12,19,63.2,14,56,70,90,28,6,30,49,209,3.0,0.93,25.0,192.5,PG,85.05,22.95159386
262,937,259,109,255,42.7,0,1,0.0,41,87,47.1,94,174,268,70,22,52,62,126,417,1.13,0.36,33.0,202.5,PF,99.0,24.14266118
263,2016,1242,375,928,40.4,152,447,34.0,340,395,86.1,24,127,151,164,88,10,101,103,946,1.62,0.87,29.0,182.5,SG,78.75,23.64421092
264,1916,660,251,636,39.5,62,202,30.7,96,163,58.9,82,246,328,106,81,21,99,104,645,1.07,0.82,29.0,200.0,PF,103.5,25.875
265,23,6,2,8,25.0,0,0,0.0,2,4,50.0,2,9,11,1,2,0,2,6,10,0.5,1.0,23.0,210.0,C,108.45,24.59183673
266,1659,763,300,642,46.7,5,20,25.0,158,226,69.9,138,388,526,105,47,18,94,192,955,1.12,0.5,35.0,202.5,PF,108.0,26.33744856
267,830,256,92,192,47.9,59,115,51.3,13,19,68.4,12,99,111,24,17,11,26,63,287,0.92,0.65,26.0,202.5,SF,101.25,24.69135802
268,683,188,75,176,42.6,20,63,31.7,18,21,85.7,8,60,68,96,20,4,38,67,234,2.53,0.53,34.0,185.0,PG,78.75,23.00949598
269,2421,1007,369,787,46.9,78,220,35.5,191,251,76.1,103,273,376,139,65,22,108,109,1023,1.29,0.6,30.0,202.5,SF,99.0,24.14266118
270,194,45,18,40,45.0,0,7,0.0,9,13,69.2,16,40,56,7,3,1,13,17,73,0.54,0.23,25.0,192.5,SG,90.0,24.28740091
271,1587,738,251,589,42.6,89,258,34.5,147,204,72.1,28,183,211,293,67,20,154,138,780,1.9,0.44,38.0,195.0,SG,92.25,24.26035503
272,2687,1413,530,1072,49.4,3,17,17.6,350,440,79.5,115,515,630,307,70,131,176,208,1743,1.74,0.4,30.0,212.5,C,114.75,25.41176471
273,2453,1001,439,775,56.6,0,3,0.0,123,175,70.3,180,537,717,97,49,110,100,191,1486,0.97,0.49,31.0,207.5,C,108.0,25.0834664
274,1388,568,199,470,42.3,86,230,37.4,84,99,84.8,26,131,157,94,31,3,61,85,506,1.54,0.51,29.0,192.5,SG,94.5,25.50177096
275,2045,845,331,763,43.4,112,313,35.8,71,113,62.8,73,312,385,133,63,16,73,188,895,1.82,0.86,26.0,202.5,PF,105.75,25.78875171
276,1808,523,175,477,36.7,91,272,33.5,82,127,64.6,61,161,222,208,99,18,90,176,633,2.31,1.1,21.0,190.0,PG,99.0,27.42382271
277,2368,813,267,663,40.3,73,248,29.4,206,266,77.4,24,182,206,307,122,10,173,251,829,1.78,0.71,29.0,185.0,PG,85.5,24.981738500000002
278,781,216,76,210,36.2,17,64,26.6,47,57,82.5,16,91,107,39,31,12,27,57,234,1.44,1.15,23.0,187.5,SG,85.5,24.32
279,2581,1258,512,1100,46.5,57,179,31.8,177,232,76.3,110,396,506,192,101,39,170,245,1283,1.13,0.59,26.0,205.0,PF,110.25,26.2343843
280,1207,791,318,646,49.2,5,18,27.8,150,178,84.3,109,216,325,72,20,34,82,189,804,0.88,0.24,28.0,205.0,C,114.75,27.30517549
281,2035,577,210,495,42.4,95,265,35.8,62,87,71.3,58,328,386,100,69,36,60,146,798,1.67,1.15,29.0,202.5,PF,106.65,26.00823045
282,1743,717,280,489,57.3,0,3,0.0,157,317,49.5,175,337,512,74,65,63,106,207,956,0.7,0.61,25.0,207.5,C,110.25,25.60603861
283,2271,764,277,624,44.4,136,376,36.2,74,95,77.9,51,251,302,114,67,50,87,240,842,1.31,0.77,35.0,197.5,SF,101.7,26.07274475
284,935,264,94,230,40.9,46,126,36.5,30,37,81.1,29,86,115,47,10,12,11,65,294,4.27,0.91,35.0,205.0,PF,105.75,25.1635931
285,1380,319,111,307,36.2,68,167,40.7,29,38,76.3,37,89,126,204,24,2,61,152,409,3.34,0.39,25.0,190.0,SG,89.1,24.68144044
286,674,158,63,158,39.9,10,56,17.9,22,41,53.7,38,68,106,25,32,9,27,66,189,0.93,1.19,22.0,202.5,SF,96.75,23.59396433
287,847,327,125,245,51.0,47,112,42.0,30,32,93.8,46,204,250,32,10,14,39,113,472,0.82,0.26,23.0,212.5,C,110.25,24.41522491
288,505,212,92,212,43.4,8,34,23.5,20,26,76.9,12,77,89,32,15,13,37,66,198,0.87,0.41,26.0,202.5,SF,105.75,25.78875171
289,2150,966,364,919,39.6,36,153,23.5,202,291,69.4,64,289,353,442,111,30,253,167,1005,1.75,0.44,24.0,195.0,PG,85.5,22.485207100000004
290,1587,598,224,482,46.5,0,0,0.0,150,214,70.1,109,307,416,77,30,38,63,115,774,1.22,0.48,22.0,197.5,SF,104.4,26.76494152
291,2225,1107,393,882,44.6,107,277,38.6,214,249,85.9,29,180,209,375,89,14,156,139,1114,2.4,0.57,28.0,182.5,PG,78.75,23.64421092
292,1838,595,209,481,43.5,107,263,40.7,70,87,80.5,28,220,248,114,39,21,60,123,668,1.9,0.65,35.0,202.5,SF,103.5,25.24005487
293,701,109,37,114,32.5,32,98,32.7,3,4,75.0,4,87,91,46,14,4,23,74,163,2.0,0.61,35.0,200.0,SF,98.1,24.525
294,502,197,83,151,55.0,9,22,40.9,22,25,88.0,52,67,119,25,16,19,21,52,284,1.19,0.76,24.0,207.5,PF,108.0,25.0834664
295,1123,529,201,453,44.4,66,192,34.4,61,77,79.2,45,154,199,75,25,3,39,83,524,1.92,0.64,27.0,200.0,PF,106.65,26.6625
296,1194,294,136,254,53.5,0,0,0.0,22,46,47.8,112,208,320,34,41,66,51,111,562,0.67,0.8,27.0,207.5,C,112.05,26.02409639
297,485,201,88,165,53.3,0,2,0.0,25,40,62.5,53,112,165,14,16,16,31,72,289,0.45,0.52,23.0,205.0,PF,114.75,27.30517549
298,1980,964,341,860,39.7,119,348,34.2,163,187,87.2,22,152,174,424,46,14,172,162,907,2.47,0.27,33.0,182.5,PG,89.1,26.75173579
299,2699,1513,602,1354,44.5,81,284,28.5,228,303,75.2,34,156,190,329,148,25,198,197,1180,1.66,0.75,30.0,187.5,SG,83.25,23.68
300,128,27,13,30,43.3,0,0,0.0,1,3,33.3,11,27,38,3,4,5,7,16,51,0.43,0.57,38.0,205.0,C,99.45,23.66448543
301,1694,737,307,601,51.1,1,5,20.0,122,202,60.4,84,261,345,123,66,22,124,180,795,0.99,0.53,33.0,207.5,PF,112.5,26.12861083
302,2311,744,302,653,46.2,0,0,0.0,140,230,60.9,185,426,611,128,133,142,146,208,1171,0.88,0.91,21.0,207.5,C,102.6,23.82929308
303,838,243,104,247,42.1,11,43,25.6,24,45,53.3,19,87,106,146,63,5,61,100,338,2.39,1.03,26.0,195.0,SG,95.85,25.20710059
304,1101,273,106,253,41.9,16,60,26.7,45,65,69.2,90,160,250,90,35,25,45,156,461,2.0,0.78,35.0,205.0,PF,114.75,27.30517549
305,262,74,26,75,34.7,5,21,23.8,17,25,68.0,13,26,39,11,7,3,19,34,58,0.58,0.37,23.0,187.5,SG,90.9,25.855999999999998
306,2380,664,240,600,40.0,100,309,32.4,84,98,85.7,62,354,416,341,78,40,132,106,1033,2.58,0.59,27.0,200.0,SF,90.0,22.5
307,1127,319,108,296,36.5,48,149,32.2,55,64,85.9,11,77,88,67,20,17,40,92,274,1.68,0.5,22.0,195.0,SG,92.25,24.26035503
308,1654,833,253,624,40.5,99,313,31.6,228,284,80.3,63,341,404,97,54,54,89,172,926,1.09,0.61,24.0,205.0,PF,99.0,23.55740631
309,2529,1428,631,1206,52.3,2,6,33.3,164,218,75.2,238,572,810,147,54,54,148,220,1716,0.99,0.37,25.0,210.0,C,117.0,26.53061224
310,259,83,30,76,39.5,5,13,38.5,18,26,69.2,28,58,86,4,4,9,11,20,121,0.36,0.36,20.0,205.0,PF,108.0,25.698988699999997
311,1831,573,230,558,41.2,55,176,31.3,58,81,71.6,13,146,159,255,57,15,99,124,609,2.58,0.58,27.0,185.0,PG,78.75,23.00949598
312,1697,806,296,701,42.2,99,277,35.7,115,139,82.7,30,157,187,197,57,18,128,165,708,1.54,0.45,28.0,192.5,SG,94.5,25.50177096
313,72,20,8,12,66.7,0,0,0.0,4,4,100.0,7,10,17,6,2,1,5,13,37,1.2,0.4,25.0,212.5,C,112.95,25.01314879
314,1982,557,213,412,51.7,0,0,0.0,131,225,58.2,244,504,748,72,29,54,95,144,1072,0.76,0.31,29.0,210.0,C,114.75,26.02040816
315,1416,593,209,427,48.9,35,87,40.2,140,191,73.3,54,206,260,102,31,9,88,107,638,1.16,0.35,27.0,202.5,SF,101.25,24.69135802
316,1432,445,176,391,45.0,35,104,33.7,58,79,73.4,70,151,221,65,44,30,52,97,517,1.25,0.85,22.0,200.0,SF,89.1,22.275
317,1197,274,91,228,39.9,57,166,34.3,35,41,85.4,30,89,119,171,79,1,62,88,439,2.76,1.27,38.0,187.5,PG,83.25,23.68
318,1727,568,204,532,38.3,115,323,35.6,45,60,75.0,67,170,237,192,59,23,83,182,653,2.31,0.71,27.0,182.5,PG,83.25,24.99530869
319,29,6,3,12,25.0,0,4,0.0,0,0,0.0,2,4,6,0,1,0,1,6,3,0.0,1.0,27.0,192.5,SG,94.05,25.38033395
320,801,351,128,336,38.1,62,182,34.1,33,40,82.5,21,54,75,87,28,2,35,58,293,2.49,0.8,27.0,180.0,PG,83.25,25.69444444
321,2681,1446,570,1153,49.4,12,26,46.2,294,366,80.3,220,699,919,210,25,147,158,147,1934,1.33,0.16,35.0,210.0,PF,112.5,25.51020408
322,91,53,18,49,36.7,9,22,40.9,8,11,72.7,4,18,22,6,5,1,12,11,41,0.5,0.42,25.0,202.5,SF,99.0,24.14266118
323,2390,1218,443,930,47.6,77,216,35.6,255,337,75.7,139,431,570,223,130,69,166,201,1475,1.34,0.78,30.0,200.0,PF,110.7,27.675
324,1914,868,293,656,44.7,118,303,38.9,164,210,78.1,45,249,294,144,46,24,92,160,875,1.57,0.5,38.0,197.5,SF,105.75,27.111039899999998
325,1037,356,108,296,36.5,52,173,30.1,88,123,71.5,58,131,189,49,18,14,49,132,354,1.0,0.37,33.0,207.5,PF,117.0,27.17375526
326,631,184,73,184,39.7,14,60,23.3,24,37,64.9,6,70,76,18,17,8,24,50,155,0.75,0.71,24.0,207.5,SF,105.75,24.56089418
327,600,177,64,174,36.8,16,65,24.6,33,49,67.3,13,67,80,117,30,6,41,54,243,2.85,0.73,24.0,177.5,PG,78.75,24.99504067
328,687,254,87,269,32.3,49,163,30.1,31,36,86.1,22,70,92,21,21,13,22,61,192,0.96,0.96,23.0,195.0,SG,103.5,27.21893491
329,1287,398,152,331,45.9,18,60,30.0,76,97,78.4,79,222,301,68,27,22,60,147,556,1.13,0.45,25.0,197.5,PF,108.0,27.68787053
330,120,29,9,38,23.7,3,18,16.7,8,11,72.7,4,16,20,8,7,5,5,9,32,1.6,1.4,23.0,202.5,PF,94.5,23.04526749
331,1793,538,188,447,42.1,91,244,37.3,71,96,74.0,53,142,195,94,19,24,51,150,535,1.84,0.37,27.0,197.5,SF,99.0,25.38054799
332,2019,608,275,645,42.6,27,86,31.4,31,78,39.7,73,300,373,538,91,7,210,153,990,2.56,0.43,29.0,182.5,PG,83.7,25.13041847
333,1188,402,125,334,37.4,19,60,31.7,133,173,76.9,23,121,144,182,29,0,86,73,422,2.12,0.34,29.0,187.5,PG,85.5,24.32
334,1087,435,148,402,36.8,94,263,35.7,45,55,81.8,9,76,85,119,34,11,60,97,360,1.98,0.57,32.0,190.0,SG,95.85,26.55124654
335,1505,580,218,517,42.2,91,235,38.7,53,67,79.1,27,170,197,63,29,22,48,98,530,1.31,0.6,36.0,197.5,SF,96.75,24.80371735
336,1436,503,206,470,43.8,34,111,30.6,57,84,67.9,52,128,180,188,45,11,85,92,551,2.21,0.53,24.0,187.5,PG,85.5,24.32
337,281,108,43,106,40.6,10,34,29.4,12,15,80.0,2,24,26,41,11,4,18,17,106,2.28,0.61,31.0,182.5,PG,92.25,27.69750422
338,338,69,24,70,34.3,15,46,32.6,6,9,66.7,1,49,50,8,10,4,8,19,84,1.0,1.25,24.0,197.5,SF,92.25,23.65005608
339,764,176,58,137,42.3,0,2,0.0,60,97,61.9,97,202,299,32,22,5,45,91,373,0.71,0.49,35.0,200.0,PF,110.25,27.5625
340,2268,1117,432,996,43.4,72,241,29.9,181,218,83.0,56,271,327,462,62,9,186,167,1190,2.48,0.33,25.0,187.5,PG,93.6,26.624000000000002
341,1244,432,144,324,44.4,66,155,42.6,78,114,68.4,25,158,183,61,32,11,52,115,451,1.17,0.62,35.0,197.5,SF,104.85,26.88030764
342,692,226,78,219,35.6,13,51,25.5,57,71,80.3,19,106,125,193,38,1,64,59,364,3.02,0.59,23.0,197.5,SG,87.75,22.49639481
343,742,198,79,172,45.9,16,51,31.4,24,29,82.8,31,103,134,27,16,9,18,86,268,1.5,0.89,26.0,200.0,SF,96.75,24.1875
344,1956,943,299,756,39.6,167,446,37.4,178,217,82.0,65,251,316,105,97,31,128,189,868,0.82,0.76,25.0,202.5,SF,96.75,23.59396433
345,1638,566,234,437,53.5,0,1,0.0,98,127,77.2,190,204,394,55,16,84,73,122,810,0.75,0.22,27.0,210.0,C,114.75,26.02040816
346,1064,433,155,374,41.4,62,170,36.5,61,80,76.3,9,108,117,83,30,12,45,119,392,1.84,0.67,23.0,200.0,SG,92.7,23.175
347,1874,896,332,754,44.0,55,141,39.0,177,216,81.9,36,212,248,219,56,10,118,131,850,1.86,0.48,29.0,192.5,PG,94.5,25.50177096
348,982,221,77,223,34.5,31,109,28.4,36,45,80.0,19,50,69,165,67,4,52,118,319,3.17,1.29,32.0,185.0,PG,85.5,24.981738500000002
349,1926,802,317,710,44.6,0,2,0.0,168,204,82.4,156,384,540,84,18,125,107,216,1033,0.79,0.17,29.0,215.0,C,121.5,26.2844781
350,2408,1432,508,1116,45.5,79,220,35.9,337,393,85.8,98,301,399,250,71,41,183,157,1346,1.37,0.39,29.0,200.0,SF,103.5,25.875
351,2158,686,258,427,60.4,0,2,0.0,170,273,62.3,265,510,775,109,64,189,111,175,1440,0.98,0.58,23.0,212.5,C,110.25,24.41522491
352,65,30,8,25,32.0,2,11,18.2,12,13,92.3,1,5,6,8,3,0,12,13,17,0.67,0.25,24.0,180.0,PG,74.25,22.91666667
353,1675,833,291,729,39.9,122,359,34.0,129,151,85.4,108,187,295,55,33,20,62,113,714,0.89,0.53,27.0,205.0,PF,108.0,25.698988699999997
354,441,137,53,82,64.6,0,0,0.0,31,54,57.4,36,67,103,14,6,19,25,65,202,0.56,0.24,31.0,210.0,C,108.0,24.48979592
355,1233,332,104,309,33.7,45,134,33.6,79,95,83.2,13,133,146,92,30,24,37,118,366,2.49,0.81,24.0,207.5,PF,103.5,24.03832196
356,544,128,57,130,43.8,0,0,0.0,14,20,70.0,53,115,168,29,14,41,39,70,262,0.74,0.36,34.0,207.5,C,114.75,26.65118305
357,72,22,7,20,35.0,4,13,30.8,4,4,100.0,1,5,6,4,3,0,2,3,20,2.0,1.5,25.0,190.0,SG,94.5,26.17728532
358,2116,917,374,786,47.6,77,205,37.6,92,110,83.6,135,364,499,55,30,155,97,194,1129,0.57,0.31,26.0,205.0,PF,105.75,25.1635931
359,555,153,54,134,40.3,16,54,29.6,29,38,76.3,22,44,66,46,23,1,24,45,176,1.92,0.96,22.0,197.5,SG,93.6,23.99615446
360,8,0,0,3,0.0,0,1,0.0,0,0,0.0,0,2,2,1,0,0,0,2,0,0.0,0.0,25.0,185.0,PG,83.25,24.32432432
361,866,512,194,397,48.9,20,51,39.2,104,145,71.7,63,91,154,44,18,7,35,49,456,1.26,0.51,23.0,195.0,SG,100.35,26.39053254
362,1865,470,187,432,43.3,35,116,30.2,61,78,78.2,29,147,176,226,93,9,83,150,629,2.72,1.12,23.0,177.5,PG,78.75,24.99504067
363,89,20,7,19,36.8,3,7,42.9,3,4,75.0,0,1,1,3,4,0,4,8,11,0.75,1.0,30.0,190.0,SG,92.25,25.55401662
364,1468,461,198,396,50.0,0,2,0.0,65,91,71.4,43,140,183,259,49,20,102,110,646,2.54,0.48,30.0,197.5,PG,86.4,22.15029643
365,126,24,9,35,25.7,0,5,0.0,6,12,50.0,16,22,38,4,5,3,3,16,39,1.33,1.67,32.0,205.0,PF,108.0,25.698988699999997
366,1101,276,119,267,44.6,12,46,26.1,26,34,76.5,64,138,202,51,27,27,33,58,394,1.55,0.82,37.0,197.5,SF,99.0,25.38054799
367,1087,341,121,300,40.3,64,178,36.0,35,40,87.5,36,130,166,44,25,21,30,135,383,1.47,0.83,24.0,207.5,PF,112.5,26.12861083
368,833,299,117,292,40.1,40,127,31.5,25,31,80.6,8,71,79,155,30,2,49,32,335,3.16,0.61,25.0,187.5,PG,91.35,25.984
369,3,2,1,2,50.0,0,0,0.0,0,0,0.0,0,1,1,1,0,1,0,0,4,0.0,0.0,23.0,222.5,C,162.0,32.72314102
370,2381,729,251,634,39.6,68,208,32.7,159,193,82.4,70,244,314,184,66,18,115,177,779,1.6,0.57,24.0,197.5,SF,101.25,25.95737863
371,455,145,51,169,30.2,12,65,18.5,31,34,91.2,4,44,48,104,19,6,33,53,168,3.15,0.58,22.0,195.0,PG,90.0,23.66863905
372,1274,425,163,415,39.3,55,176,31.3,44,68,64.7,30,228,258,88,24,53,61,173,511,1.44,0.39,27.0,212.5,PF,110.25,24.41522491
373,2613,1900,653,1341,48.7,286,646,44.3,308,337,91.4,56,285,341,619,163,16,249,158,2073,2.49,0.66,27.0,187.5,PG,85.5,24.32
374,1529,350,122,327,37.3,77,219,35.2,29,41,70.7,16,121,137,288,41,5,104,118,500,2.77,0.39,35.0,187.5,PG,77.4,22.016
375,197,63,22,56,39.3,19,48,39.6,0,2,0.0,2,20,22,11,0,2,5,23,57,2.2,0.0,32.0,205.0,PF,101.25,24.092801899999998
376,1771,537,217,399,54.4,0,2,0.0,103,205,50.2,199,324,523,66,38,86,99,222,867,0.67,0.38,22.0,210.0,C,114.75,26.02040816
377,1692,640,254,506,50.2,0,0,0.0,132,184,71.7,162,234,396,71,36,75,77,162,837,0.92,0.47,30.0,202.5,PF,101.25,24.69135802
378,1195,379,157,273,57.5,0,1,0.0,65,118,55.1,142,226,368,42,19,24,48,158,615,0.88,0.4,24.0,202.5,C,112.5,27.43484225
379,1397,434,177,402,44.0,31,67,46.3,49,65,75.4,52,158,210,93,29,16,35,55,506,2.66,0.83,35.0,202.5,SF,95.4,23.26474623
380,889,386,158,299,52.8,13,37,35.1,57,94,60.6,78,142,220,36,18,59,37,78,504,0.97,0.49,23.0,202.5,PF,113.4,27.65432099
381,2092,807,309,753,41.0,145,390,37.2,44,56,78.6,32,194,226,86,53,25,69,136,672,1.25,0.77,24.0,197.5,SF,92.7,23.76542221
382,976,278,104,249,41.8,25,78,32.1,45,58,77.6,53,170,223,75,53,21,38,67,454,1.97,1.4,31.0,197.5,SF,99.0,25.38054799
383,1030,428,169,303,55.8,0,0,0.0,90,120,75.0,91,161,252,78,35,37,60,103,606,1.3,0.58,30.0,207.5,C,110.25,25.60603861
384,2227,1070,419,819,51.2,2,7,28.6,230,311,74.0,170,534,704,230,63,151,131,165,1606,1.76,0.48,39.0,207.5,C,112.5,26.12861083
385,240,57,21,61,34.4,5,17,29.4,10,21,47.6,6,22,28,60,8,0,25,26,77,2.4,0.32,25.0,182.5,PG,76.5,22.96866204
386,1681,804,279,717,38.9,121,354,34.2,125,156,80.1,12,144,156,127,20,14,82,119,570,1.55,0.24,23.0,195.0,SG,92.25,24.26035503
387,2046,785,314,566,55.5,2,6,33.3,155,216,71.8,203,388,591,55,33,97,116,227,1132,0.47,0.28,29.0,212.5,C,123.75,27.40484429
388,2369,1164,442,949,46.6,87,239,36.4,193,245,78.8,73,357,430,124,69,36,115,134,1149,1.08,0.6,23.0,202.5,SF,105.75,25.78875171
389,177,51,19,51,37.3,5,18,27.8,8,13,61.5,2,20,22,24,11,4,10,20,65,2.4,1.1,29.0,185.0,SG,87.75,25.63915267
390,1648,539,225,455,49.5,10,29,34.5,79,126,62.7,103,177,280,86,129,30,86,166,701,1.0,1.5,33.0,190.0,SG,95.85,26.55124654
391,1953,976,404,832,48.6,38,89,42.7,130,166,78.3,15,114,129,335,44,2,146,108,876,2.3,0.3,33.0,185.0,PG,83.25,24.32432432
392,1412,435,159,371,42.9,73,197,37.1,44,55,80.0,31,145,176,62,32,11,48,86,445,1.29,0.67,24.0,197.5,SF,90.0,23.07322544
393,18,6,2,5,40.0,0,0,0.0,2,2,100.0,1,0,1,1,1,0,4,2,2,0.25,0.25,26.0,192.5,SG,87.75,23.68021589
394,2930,1048,366,910,40.2,194,555,35.0,122,143,85.3,77,382,459,209,152,17,141,186,1179,1.48,1.08,30.0,200.0,SF,96.75,24.1875
395,1564,567,226,464,48.7,29,84,34.5,86,148,58.1,139,258,397,83,43,41,88,144,743,0.94,0.49,28.0,200.0,PF,102.6,25.65
396,2288,973,370,1005,36.8,124,390,31.8,109,145,75.2,31,173,204,328,65,15,124,119,790,2.65,0.52,23.0,182.5,PG,85.95,25.80596735
397,397,176,61,165,37.0,43,118,36.4,11,13,84.6,8,25,33,22,6,1,20,40,112,1.1,0.3,24.0,190.0,SG,92.25,25.55401662
398,2665,1143,404,926,43.6,70,205,34.1,265,363,73.0,42,192,234,720,92,9,185,128,1393,3.89,0.5,28.0,177.5,PG,87.75,27.85161674
399,411,121,52,144,36.1,12,43,27.9,5,7,71.4,7,28,35,73,18,5,42,36,116,1.74,0.43,21.0,187.5,PG,87.3,24.831999999999997
400,1058,270,86,165,52.1,1,7,14.3,97,139,69.8,106,159,265,21,30,15,20,141,460,1.05,1.5,30.0,202.5,PF,112.5,27.43484225
401,603,190,70,167,41.9,18,48,37.5,32,47,68.1,14,67,81,42,33,9,30,42,213,1.4,1.1,23.0,190.0,SG,83.7,23.18559557
402,2690,1313,521,1165,44.7,69,227,30.4,202,291,69.4,82,334,416,521,100,37,246,198,1408,2.12,0.41,26.0,195.0,SG,99.0,26.03550296
403,2286,771,293,440,66.6,0,0,0.0,185,257,72.0,294,570,864,84,42,91,105,169,1528,0.8,0.4,33.0,212.5,C,108.0,23.91695502
404,995,261,107,239,44.8,2,10,20.0,45,64,70.3,71,187,258,46,21,13,41,113,407,1.12,0.51,35.0,200.0,PF,105.75,26.4375
405,74,22,9,30,30.0,2,10,20.0,2,5,40.0,2,7,9,8,3,0,6,4,12,1.33,0.5,23.0,190.0,SG,90.0,24.93074792
406,76,24,9,20,45.0,6,11,54.5,0,0,0.0,3,17,20,1,1,1,4,12,32,0.25,0.25,27.0,202.5,SF,100.8,24.58161866
407,2573,1292,473,1086,43.6,84,248,33.9,262,320,81.9,51,251,302,295,120,19,204,187,1153,1.45,0.59,23.0,190.0,SG,94.5,26.17728532
408,1091,384,135,406,33.3,69,232,29.7,45,57,78.9,27,106,133,79,43,14,43,102,327,1.84,1.0,38.0,195.0,SG,99.0,26.03550296
409,1675,650,254,617,41.2,90,243,37.0,52,64,81.3,31,179,210,105,33,2,50,77,575,2.1,0.66,28.0,190.0,SG,90.0,24.93074792
410,2245,753,286,691,41.4,91,259,35.1,90,112,80.4,67,252,319,124,59,45,87,162,786,1.43,0.68,28.0,197.5,SF,96.75,24.80371735
411,2024,956,337,752,44.8,173,445,38.9,109,145,75.2,38,184,222,139,77,10,81,132,872,1.72,0.95,29.0,192.5,SG,99.0,26.716140999999997
412,984,397,150,353,42.5,23,85,27.1,74,94,78.7,26,136,162,81,48,19,61,70,423,1.33,0.79,24.0,195.0,SG,78.75,20.71005917
413,67,22,10,31,32.3,0,9,0.0,2,4,50.0,2,4,6,18,1,1,8,9,17,2.25,0.13,32.0,180.0,SG,83.25,25.69444444
414,69,15,5,19,26.3,2,9,22.2,3,6,50.0,1,4,5,8,6,1,4,10,14,2.0,1.5,24.0,180.0,PG,83.25,25.69444444
415,951,306,118,306,38.6,42,121,34.7,28,34,82.4,14,65,79,68,26,5,48,81,242,1.42,0.54,34.0,190.0,SG,90.0,24.93074792
416,2471,1085,418,975,42.9,139,406,34.2,110,142,77.5,96,379,475,134,58,29,110,231,1082,1.22,0.53,28.0,200.0,SF,101.25,25.3125
417,86,20,3,13,23.1,0,0,0.0,14,24,58.3,2,2,4,3,3,0,3,6,7,1.0,1.0,24.0,195.0,SF,99.0,26.03550296
418,1902,778,286,677,42.2,57,167,34.1,149,177,84.2,27,187,214,276,54,10,193,158,720,1.43,0.28,20.0,192.5,PG,85.05,22.95159386
419,2304,1143,454,932,48.7,7,20,35.0,228,298,76.5,225,522,747,153,69,14,156,175,1422,0.98,0.44,34.0,202.5,PF,117.0,28.53223594
420,1730,606,240,529,45.4,0,3,0.0,126,160,78.8,197,303,500,178,80,21,133,170,929,1.34,0.6,31.0,207.5,C,121.5,28.218899699999998
421,75,28,11,30,36.7,3,14,21.4,3,5,60.0,5,3,8,5,2,0,5,6,17,1.0,0.4,26.0,192.5,SG,90.0,24.28740091
